,nnp
3,유니티
8,최승재
9,김상헌
11,조현민
12,유승재
15,MBK
30,정명진
34,CJ헬로비전
37,VIBE
38,정준양
46,송광수
48,이상래
49,김구영
50,김택수
53,이감규
55,HUG
56,합동
57,황순욱
73,브로드컴
90,정영석
92,루시드
97,김영중
98,김훈
109,김동관
113,엄태웅
124,한겨레
125,LG하우시스
126,환인제약
129,넥서스 5X
130,한화탈레스
134,SPC
136,옌스 하이데커
137,오세현
139,크레디아
142,에어부산
143,박상현
153,동원F&B
160,이인용
170,정일우
176,한화케미칼
195,엑시노트 Z350
196,Z3
198,허성수
209,네슬레
216,아남전자
220,김용대
222,이동하
223,최수진
233,SK하이닉스
234,SAP
244,이언주
245,퀄컴
290,반기문
297,빅스비
299,옐로
300,M7
329,이재관
343,토니모리
345,T1
349,KB손해보험
351,래리 헥
359,박재현
360,박건영
361,CJ그룹
370,임우성
409,기우성
418,김명희
421,송원산업
425,장승업
435,대우조선해양
436,부활
447,인텔
456,CGV
463,현대상선
468,쌍용
469,최성민
473,벅스
474,김경진
496,이랜드리테일
501,모건스탠리
526,대림산업
530,볼보
531,삼양제넥스
541,인바디
542,가트너
545,정미선
556,적십자
558,정현옥
565,소니
585,장세정
589,가온미디어
600,최진원
607,이은희
615,김동선
626,김진홍
627,이시종
628,K10
629,박용호
631,팀 쿡
648,김정환
649,폴슨앤드컴퍼니
658,존 폴슨
659,권오준
667,에릭손
671,PBS바이오텍
686,SK네트웍스
688,삼보
696,서정진
713,고민정
715,차광렬
717,박삼구
730,전자랜드
737,민원기
742,하나금융그룹
743,코리아써키트
744,폭스바겐
747,곽정수
767,녹십자
772,MS
773,세메스
778,김환기
784,알리페이
793,DGB
812,CRG
817,김정아
822,오키토키
856,아우디
860,금호건설
866,문규영
870,나경원
878,포드CAR
892,김기춘
900,알톤스포츠
903,김상만
909,EMC
926,동부하이텍
930,최진호
949,태광산업
951,LINE
968,신제윤
974,레드햇
975,오리온
976,노키아
985,신형철
986,박영호
994,서경배
996,박성우
1002,최시영
1014,제일모직
1018,강신영
1028,최재원
1034,에어비앤비
1044,LG K
1050,LG CNS
1097,최훈
1098,강종구
1099,강종렬
1102,야후
1103,정상섭
1113,산업은행
1120,레이쥔
1168,LG
1174,FIREKIM
1181,GS25
1182,휴켐스
1189,랜드로버
1194,YG
1204,이한주
1224,김형기
1244,윤재웅
1279,IDQ
1285,이영일
1322,조윤경
1324,조원동
1331,칼자이스
1332,지적
1347,대우건설
1355,엔텔스
1363,LG G2
1370,딜라이브
1372,김동원
1401,한국교통안전공단
1402,한국교통연구원
1419,KT스카이라이프
1425,이상혁
1426,이상훈
1434,시게이트
1436,이상헌
1450,이진영
1452,류수정
1454,김범수
1465,김한조
1466,지형도
1469,이재호
1486,롯데정보통신
1489,방준혁
1502,KB투자증권
1504,SK텔레콤
1506,IBK투자증권
1511,김정우
1520,금호타이어
1521,김정한
1522,김민규
1528,S3
1547,남양유업
1549,한국영
1550,박중현
1551,YPP
1552,홈플러스 익스프레스
1562,김정중
1563,구광모
1564,ZWK
1566,삼성메디슨
1568,심학봉
1573,THINQ
1584,롯데그룹
1587,디오텍
1597,모토로라
1599,제네시스
1604,포스코A&C
1606,이희선
1611,YOUMAKE
1614,이선아
1626,박민식
1628,최휘영
1633,LG G5
1642,WEALTH
1645,이영호
1648,HTC
1666,권영수
1672,롯데카드
1674,이학수
1697,SPP조선
1702,권영진
1716,투비소프트
1718,농심
1743,MBC
1746,최재승
1763,이용한
1793,강석희
1818,이주영
1833,NH투자증권
1836,김용주
1866,하나카드
1881,OPAL
1884,구본걸
1889,김승욱
1902,한빛소프트
1906,박양우
1917,ROI
1918,다이쇼
2015,한국은행
2023,화웨이
2026,한국GM
2034,허영석
2043,김세형
2060,트리플래닛
2078,네타포르테
2088,SKIET
2089,조석래
2090,삼성카드
2113,정경숙
2119,제주공항
2133,이동성
2151,김석동
2159,노재헌
2170,박진환
2172,이베이
2175,제페토
2185,김동현
2193,셀트리온
2215,최영석
2264,TCL
2269,이채원
2270,김종식
2281,카카오페이지
2283,FLO
2300,현대증권
2341,SDS
2342,정용진
2346,삼성전자
2351,윤완주
2355,ASML
2358,김경남
2359,삼성증권
2386,최지성
2392,이동우
2393,한국산업기술진흥원
2394,신중호
2401,대우조선
2410,노소영
2412,현대글로비스
2426,천재교육
2428,삼성엔지니어링
2459,이재우
2504,김동춘
2521,우리금융그룹
2546,박영준
2569,파리바게뜨
2574,조준희
2576,박세리
2587,손진호
2595,CJ CGV
2598,박찬우
2603,SK이노베이션
2606,김성진
2665,이재성
2666,이웅범
2680,GS리테일
2690,소프트뱅크
2695,휠라
2740,이원준
2756,강병준
2757,김한별
2763,용마로지스
2773,한국노총
2774,김수현
2781,한화증권
2784,한명숙
2794,옥션
2811,티맵
2828,현대엘리베이터
2838,홍원표
2848,윤대섭
2850,GS칼텍스
2856,금호아시아나그룹
2868,최경주
2886,야마하
2890,우리은행
2903,박성훈
2904,조지현
2909,LG 옵티머스 3D
2911,정몽준
2929,신동인2940,김우중
2941,대륙
2958,오상진
2960,이승배
2976,알파스캔
3004,홍영표
3013,스미토모 상사
3015,진에어
3018,임종룡
3020,명인제약
3027,한국화학공학회
3039,국민은행
3042,AWS
3063,서길수
3075,코오롱글로벌
3111,페이스북
3121,이창호
3125,웅진식품
3127,롯데정밀화학
3142,박상익
3147,설현
3150,이루마
3159,KBS
3162,LOTTE
3167,이효리
3177,이명박
3191,스타벅스
3202,한솔테크닉스
3210,S-OIL
3213,태
3235,이기동
3253,김현식
3258,최인혁
3267,BNK
3301,양향자
3302,금호
3307,구본영
3324,손지훈
3330,애플
3359,동양매직
3360,라쿠텐
3366,삼성LED
3369,엘리엇
3381,멜론
3394,인터파크
3400,차준환
3401,CSL
3403,민노총
3406,김준구
3414,LG X
3418,GBI
3444,한미글로벌
3460,저스틴 비버
3463,최진환
3483,금호석유화학
3486,구글
3508,박성민
3511,크롬북
3513,김학규
3519,김호길
3531,옵티머스
3550,카를로스 곤
3555,박영화
3556,김보아
3575,문형표
3579,현빈
3601,BGF리테일
3634,이기태
3635,컴투스
3636,정우현
3652,이재원
3662,이하윤
3664,하일권
3675,변재일
3682,홍만표
3698,KT
3718,밸브
3719,김용수
3726,김현우
3729,CJ올리브네트웍스
3761,쥬니어네이버
3776,한컴오피스
3789,현대삼호중공업
3802,카카오그룹
3808,김봉준
3812,마이크로소프트
3813,김상태
3827,김상배
3831,기아
3834,LG유플러스
3847,EA
3857,KASBP
3865,대홍기획
3883,SK에너지
3887,이경호
3889,대림산업
3890,동양
3894,효성
3902,다우기술
3909,최종범
3914,삼성디스플레이
3921,롯데쇼핑
3930,삼성생명
3932,임성택
3935,우병우
3943,외환은행
3949,씨네21
3967,오창훈
3993,THBI
3994,버즈
4003,텔러스
4010,테슬라
4016,신세계그룹
4023,현대홈쇼핑
4029,AIA생명
4037,삼성물산
4054,오라클
4056,경동나비엔
4062,하이브
4071,NH농협은행
4075,KT테크
4079,스마일게이트
4087,이원재
4091,어도비
4092,김창기
4099,LG이노텍
4110,조정민
4124,휴비스
4138,갤럭시
4143,이승연
4144,노력
4152,대우증권
4167,스냅드래곤
4186,신세계건설
4195,박정진
4201,신동빈
4210,롯데캐피탈
4257,광주은행
4265,고동진
4276,알테어
4279,SJL파트너스
4280,삼성
4298,김현철
4299,제일기획
4310,포스코건설
4342,대원제약
4372,KB금융그룹
4401,광동제약
4409,한국투자증권
4410,티맥스
4421,현대엔지니어링
4440,SDI케미칼
4442,현대제철
4445,GS건설
4446,비자카드
4451,김민석
4454,김형호
4455,윤찬호
4479,쿠팡
4487,김선미
4527,조규찬
4530,이정식
4559,최희
4572,보나
4582,이창민
4585,미스틱
4591,롯데케미칼
4596,현대로템
4627,할론
4631,한라건설
4632,김봉진
4674,현대로지스틱스
4678,황찬현
4679,허영호
4680,이중환
4699,오세영
4734,김진용
4737,토다이수
4759,배은희
4769,이철희
4778,신우철
4790,알리바바
4799,SK커뮤니케이션즈
4805,씨티은행
4806,페이팔
4825,롯데제과
4826,GS EPS
4829,현대자동차
4832,강병일
4839,일양약품
4854,박지영
4862,싱클레어
4903,TSMC
4910,조명희
4930,삼성SDI
4954,E3
4958,이동식
4964,장성호
4965,삼성전기
4968,티몬
4970,김상헌
4973,제일약품
4992,김교현
5005,김현준
5022,볼보자동차
5032,와이디온라인
5038,게임스톱
5048,맥북
5049,손해보험
5053,윤호영
5065,동양건설산업
5073,정승일
5081,이윤우
5089,신한카드
5098,부광약품
5099,한화종합화학
5120,박수근
5122,LIG넥스원
5129,교보문고
5172,한화투자증권
5178,강승민
5183,세븐일레븐
5207,박재수
5209,이재주
5213,HMC투자증권
5232,KB국민카드
5237,한덕수
5238,허창수
5262,이케아
5279,김윤형
5336,이수페타시스
5345,이부진
5348,미스터피자
5364,이명희
5368,이동수
5372,백용호
5383,장하나
5408,세스 버클리
5431,이건희
5432,이영선
5450,한솔케미칼
5455,네이버
5460,SK케미칼
5474,아이클라우드
5479,메디톡스
5503,웅진에너지
5525,신일산업
5540,홍준기
5548,KDB
5551,마켓컬리
5554,이수만
5561,현대다이모스
5590,삼성바이오로직스
5650,아이폰 4S
5652,하석주
5656,넷마블
5665,G8
5686,네이버 클라우드
5687,오뚜기
5689,엑스노트
5696,ZTE
5700,19년
5702,해태
5703,티브로드
5713,텔레그램
5724,강기영
5749,에릭슨
5760,메이크어스
5769,이용섭
5788,GSK
5792,일동제약
5797,현대리바트
5799,이종철
5804,CU
5805,윤종용
5814,AUO
5822,강문수
5828,현대건설
5838,NBP
5847,삼성 기어 VR
5848,안동은
5855,NSN
5858,론 클라우스
5859,파렉셀
5883,호반건설
5889,중외제약
5937,에이블씨엔씨
5958,정재찬
5961,아모레퍼시픽
5963,한국타이어
5964,현대카드
5973,아시아나
5975,두산엔진
5976,유한킴벌리
5986,엔비디아
5993,두산인프라코어
5997,김민경
5998,피시
5999,CJE&M
6028,LX
6066,김기홍
6078,이준기
6081,서영
6091,IBM
6098,홍은택
6103,주식워런트증권
6135,LG G4
6136,메가박스
6172,이상운
6181,윤병철
6191,원익IPS
6208,샌디스크
6209,임성기
6218,아시아나항공
6222,한동우
6225,유비소프트
6237,현대HCN
6240,김영준
6292,이영애
6311,조성태
6313,이태근
6318,맥도날드
6321,김용준
6331,현대산업개발
6333,카자흐스탄
6336,롯데하이마트
6340,에어아시아
6347,SK플래닛
6354,정두영
6369,김화옥
6378,타이젠
6391,벤틀리
6404,중고나라
6412,샤오미
6418,김영필
6425,LG V
6426,NXC
6430,스냅챗
6434,CNN
6443,이종우
6461,김주연
6463,틱톡
6478,POSCO
6484,NICE그룹
6485,넷플릭스
6487,임형석
6523,구글 크롬
6525,AT&T
6538,박상민
6547,전광훈
6565,현대오일뱅크
6573,박재완
6589,삼양식품
6591,홍범식
6607,LGU+
6616,엘지
6618,이상일
6619,채명신
6621,신혜성
6624,두산건설
6627,최시중
6646,하이트진로
6661,정몽구
6689,최창원
6690,신한페이
6707,에누리닷컴
6712,한국공항
6719,SK텔링크
6739,블리자드
6767,김정주
6778,이경애
6785,윤병석
6786,허진
6795,김기남
6803,신한은행
6828,CJ대한통운
6830,박영선
6838,박성현
6844,CJ E&M
6851,선도해
6853,김종호
6860,김재홍
6866,이수앱지스
6874,CJ제일제당
6891,삼양홀딩스
6897,트위터
6907,동양그룹
6913,김진태
6929,텐센트
6940,이원덕
6941,한화자산운용
6946,SKC&C
6947,신정아
6957,농심
6960,도시바
6969,현대
6985,LETZERO
6991,영진약품
6999,아마존
7010,CJENM
7023,동부대우전자
7028,이범수
7049,정재욱
7065,KDB대우증권
7093,김재섭
7095,대구은행
7101,위메프
7105,네이버 지도
7119,효성ITX
7121,한글과컴퓨터
7122,김현수
7124,임협
7126,박성욱
7132,LG그룹
7137,NIA
7150,김연우
7152,현대모비스
7154,마이크론
7155,IBK
7175,윤상직
7180,정원석
7181,김종철
7232,애플 스토어
7236,햅틱
7237,이상옥
7260,이병건
7289,박종호
7298,글로벌파운드리
7306,김주형
7312,이정희
7323,메릴랜드
7324,기업은행
7329,LG상사
7343,LS산전
7345,롯데 자이언츠
7366,우병규
7374,이동걸
7381,LG화학
7409,G마켓
7411,수협
7412,변성환
7421,홍윤식
7440,김준호
7446,신민준
7482,애플 A5
7485,구글 지도
7491,박승빈
7494,한화
7509,한화테크윈
7510,HMM
7548,김정태
7554,이상철
7559,박형준
7562,현대하이스코
7589,조준호
7590,SSAFY
7604,박기운
7613,신한금융투자
7650,교원그룹
7666,김병화
7681,차바이오텍
7684,GS그룹
7710,KJ프리텍
7712,롯데호텔
7725,SK하이닉스
7747,박소연
7779,동성제약
7787,신동주
7802,미니스톱
7831,투썸플레이스
7862,강창진
7864,박정원
7881,조원태
7882,메가스터디
7941,유재하
7944,아이시스
7968,KISTI
7969,유승훈
7995,에듀윌
7999,마세라티
8000,구본준
8008,이강원
8011,김인철
8019,김명환
8020,김용성
8034,현대차
8042,대신증권
8054,지니뮤직
8055,지니페이
8058,세아제강
8076,한온시스템
8084,SK
8094,이랜드
8097,휴맥스

8104,하청
8105,자일렌
8106,피의자
8107,올림피아드
8108,디오
8109,블루레이 디스크
8110,대림건설
8111,여주시
8112,질병
8113,UHS
8114,스케일링
8115,AND
8116,민중
8117,성경
8118,진사
8119,MBTI
8120,맷 데이먼
8121,GBPS
8122,부처
8123,원더
8124,한의사
8125,장군
8126,아일랜드
8127,영화제
8128,파열음
8129,플레이어스
8130,주유
8131,12년
8132,클럽
8133,이재용
8134,프레디 머큐리
8135,마드리드
8136,하노버
8137,납세자의 날
8138,유
8139,알리
8140,젠도
8141,채무
8142,일진머티리얼즈
8143,이서현
8144,BEAR
8145,이즘
8146,스탠더드
8147,후회
8148,놀이
8149,인제
8150,셔터
8151,2012
8152,에번
8153,올웨이즈
8154,한전KPS
8155,공족
8156,홀랜드
8157,발기부전
8158,컴프레서
8159,하버드
8160,우연
8161,참여연대
8162,WP
8163,반덤핑 관세
8164,항바이러스제
8165,이은
8166,VIEW
8167,폴더
8168,포켓몬
8169,부총리
8170,페루
8171,벨트
8172,흑자
8173,엑스박스
8174,인하대
8175,회전
8176,테스트
8177,퀸
8178,PHARM
8179,필
8180,비룡
8181,보일
8182,기기괴괴
8183,마을
8184,스탠드
8185,누
8186,해제
8187,주가조작
8188,국가주석
8189,PGA 챔피언십
8190,대로
8191,문창진
8192,회장
8193,차례
8194,한국수자원공사
8195,내외
8196,매핑
8197,콘돔
8198,시가총액
8199,메트릭
8200,테슬라
8201,초동
8202,MOBILE
8203,휴머노이드
8204,회상
8205,PAD
8206,사람과
8207,김치냉장고
8208,CJ오쇼핑
8209,DENTI
8210,체육관
8211,마라
8212,빌리
8213,음모
8214,터널
8215,별이
8216,동북아
8217,국토부
8218,키사이트
8219,한시
8220,윤영
8221,퀘스트
8222,지엔
8223,널뛰기
8224,정현호
8225,더블
8226,CSN
8227,남양주
8228,법인
8229,KMW
8230,기술 표준
8231,STRONG
8232,하하하
8233,오와
8234,연좌제
8235,압축
8236,주현
8237,빔포밍
8238,블랙베리
8239,칼로
8240,FX
8241,VIEWS
8242,삼정
8243,엑셀
8244,서현진
8245,삼성병원
8246,피크
8247,달성
8248,대신
8249,온라인 강의
8250,매시
8251,정의선
8252,진상
8253,네이처
8254,갈기
8255,평양
8256,필름
8257,신해
8258,유진산
8259,적기
8260,김택진
8261,규소
8262,한정판
8263,수면
8264,왕자의 난
8265,2014년
8266,CFO
8267,EISA
8268,해부
8269,시도
8270,아이북스
8271,스타
8272,서울대병원
8273,톰 크루즈
8274,김장훈
8275,전주곡
8276,김기덕
8277,윤한
8278,다카
8279,여원
8280,광둥
8281,김형준
8282,율도
8283,DVM
8284,MCN
8285,CM
8286,우면동
8287,프리그
8288,형도
8289,행복
8290,랜드마크
8291,MV
8292,제 성공
8293,바우어
8294,박영우
8295,행진곡
8296,해운
8297,버터
8298,사용자 경험 디자인
8299,기적
8300,문화부
8301,저수조
8302,본질
8303,LG생명과학
8304,로레알
8305,국민일보
8306,고양이
8307,지구과학
8308,보이스
8309,창조경제
8310,미꾸라지
8311,정통
8312,병원정보시스템
8313,자비스
8314,지능형 로봇
8315,수주
8316,칸 영화제
8317,단위
8318,탄소세
8319,사드
8320,레인보우
8321,암모니아
8322,POWER
8323,CGV
8324,구단
8325,헬로
8326,이우
8327,패럴림픽
8328,주주총회
8329,남성우
8330,신연수
8331,EVA
8332,월드
8333,최순
8334,카카오
8335,OS
8336,코랄
8337,최인호
8338,UNEP
8339,7월 31일
8340,클릭률
8341,요구사항
8342,교촌
8343,WAR
8344,유언
8345,비수
8346,캠핑
8347,NPB
8348,태풍의 눈
8349,ENG
8350,KIST
8351,존 레전드
8352,SSBR
8353,신의 한 수
8354,박상진
8355,굴레
8356,워터
8357,천
8358,AGAIN
8359,지리
8360,타이틀
8361,한화그룹
8362,위조
8363,종착역
8364,50년
8365,청암
8366,역할
8367,박병석
8368,철수
8369,블랙야크
8370,강희
8371,이헌조
8372,강도
8373,11번가
8374,김종윤
8375,세제
8376,대차
8377,아나운서
8378,입법예고
8379,조명환
8380,대식
8381,한국사
8382,SOUND
8383,김승수
8384,인크루트
8385,김현주
8386,EVO
8387,금성
8388,토마토
8389,이병호
8390,이스탄불
8391,11월 18일
8392,판독
8393,고고
8394,KES
8395,사람의 마음
8396,갈수록 기세등등
8397,진표
8398,최기영
8399,찻잔
8400,한진칼
8401,EMMC
8402,플레이오프
8403,광주신세계
8404,정재
8405,간질
8406,PICTURE
8407,민규
8408,호날두
8409,소형주
8410,디자인권
8411,정의
8412,코퍼레이션
8413,무역위원회
8414,사 현
8415,요
8416,물류 서비스
8417,보텀
8418,PACID
8419,월요병
8420,전투기
8421,국민신문고
8422,선호
8423,LG 마그나
8424,NIP
8425,기관총
8426,자격증
8427,송영길
8428,유도
8429,2년
8430,물음표
8431,김희애
8432,조순
8433,양해각서
8434,드라이버
8435,3월
8436,전해
8437,어벤저스
8438,용덕
8439,스팅
8440,톰
8441,포식
8442,시
8443,현주
8444,음료
8445,유동화
8446,페리
8447,삼국지
8448,박막
8449,연주회
8450,계수
8451,제일
8452,외국어
8453,AG
8454,화물연대
8455,10억
8456,적과의 동침
8457,예찬
8458,하지원
8459,이라크
8460,쇼와
8461,사각
8462,로젠
8463,말레이
8464,IMS
8465,블랙펄
8466,루나
8467,UBS
8468,해독
8469,잊힐 권리
8470,회초리
8471,VRAN
8472,무게
8473,인천항
8474,멀티터치
8475,사회복지관
8476,건선
8477,GFF
8478,파미셀
8479,AICAS
8480,김우창
8481,간판
8482,광화문
8483,퀀텀
8484,충남대
8485,도미니카공화국
8486,마윈
8487,교학사
8488,OP
8489,스피어
8490,여진
8491,최연
8492,메시지
8493,우리 주
8494,암스테르담
8495,동창생
8496,유튜브
8497,있다
8498,공항
8499,530
8500,2004년
8501,고환
8502,도전
8503,주보
8504,수리
8505,도매
8506,피플
8507,학원
8508,KISA
8509,소스
8510,증기선
8511,인종
8512,겨울잠
8513,화강암
8514,MONEY
8515,캐나다
8516,무디스
8517,인과
8518,숙대
8519,린
8520,쿼드
8521,잔치
8522,뚜껑
8523,애플
8524,삼성SDS
8525,예
8526,스토리
8527,매운맛
8528,메이데이
8529,연구
8530,HUMANS
8531,월트
8532,권오갑
8533,UN
8534,박가영
8535,충고
8536,SELL
8537,매물도
8538,팥소
8539,TH
8540,장담
8541,잔
8542,부정
8543,열린
8544,ETN
8545,라보
8546,빌게이츠
8547,연합체
8548,유상증자
8549,연료전지
8550,쇼핑
8551,한국우편사업진흥원
8552,종양
8553,관습
8554,97
8555,경향신문
8556,처벌
8557,부식
8558,CES
8559,인포테인먼트
8560,상환
8561,TECH
8562,전쟁
8563,긍정
8564,비상사태
8565,모란봉
8566,해커
8567,2011
8568,토사
8569,최형기
8570,신영증권
8571,브라질
8572,한도
8573,용
8574,동아
8575,연암
8576,몽블랑
8577,바다
8578,OCEAN
8579,트랜지스터
8580,광주광역시
8581,OK!
8582,제국주의
8583,우리동네
8584,변호사들
8585,스마트
8586,오렌지
8587,박정환
8588,골드
8589,고문
8590,120
8591,강생
8592,램버스
8593,레터
8594,수익
8595,캘러스
8596,PVC
8597,이상순
8598,BIG
8599,9월 7일
8600,인쇄
8601,1년
8602,세배
8603,하림
8604,명함
8605,로마
8606,남한
8607,보존
8608,인슐린 저항성
8609,에도 주
8610,IVI
8611,혈전
8612,천송이
8613,ATDC
8614,최정
8615,잡코리아
8616,실재
8617,비의
8618,문장
8619,내야
8620,작동
8621,카노
8622,휴먼
8623,생어
8624,비서실
8625,IATA
8626,GST
8627,기본소득
8628,유가증권
8629,구미시
8630,ELB
8631,감사
8632,삼촌
8633,탄핵
8634,완벽
8635,텔레콤
8636,PXG
8637,코일
8638,엘사
8639,도메인
8640,모회사
8641,사비
8642,서명식
8643,손해배상
8644,오디션
8645,수영
8646,사원
8647,병기
8648,미치나
8649,IG
8650,앞으로
8651,2016
8652,명수
8653,아들과 딸
8654,얀센
8655,TV 가이드
8656,알버트
8657,존슨
8658,절삭공구
8659,수입
8660,핀치
8661,미소
8662,이대
8663,버전
8664,롯데건설
8665,비트
8666,청원
8667,트렁크
8668,TOUCH
8669,교육장
8670,BOOKS
8671,왕양
8672,팡팡
8673,DB
8674,웨일
8675,도세
8676,침묵
8677,9월 12일
8678,샐러드
8679,장원기
8680,400
8681,중위
8682,MVNO
8683,6월 30일
8684,검은 돌
8685,화학자
8686,서희
8687,빅데이터 마케팅
8688,1월
8689,박물관
8690,니들
8691,레진코믹스
8692,춘추
8693,세경
8694,진규
8695,가마솥
8696,저격
8697,페이스타임
8698,강경
8699,위 현
8700,침구
8701,출사표
8702,악취
8703,360
8704,블루홀
8705,수요일
8706,한부모
8707,바람막이
8708,실링
8709,최근
8710,AE
8711,윤활유
8712,육군
8713,마인드
8714,ES
8715,베스
8716,진동
8717,일동
8718,원외
8719,이투
8720,건국
8721,12월
8722,믹
8723,NM
8724,접대
8725,안구건조증
8726,오뚝이
8727,김재철
8728,윤동한
8729,풍차
8730,우도
8731,연예인
8732,로밍
8733,JB
8734,STEAM
8735,종주국
8736,철학
8737,인산
8738,펌프
8739,전남대
8740,마스터플랜
8741,패트릭
8742,일제
8743,웨딩
8744,발전소
8745,8월 9일
8746,BB
8747,K-POP
8748,5월 3일
8749,황반
8750,콘퍼런스
8751,O2
8752,광교
8753,프로포폴
8754,보험의
8755,삼양
8756,UWB
8757,무술
8758,성태
8759,암시장
8760,시그마
8761,이득
8762,에너지 절약
8763,4등
8764,음반
8765,카카오택시
8766,LICO
8767,박현
8768,박신혜
8769,김태균
8770,박형
8771,엔트리
8772,헤드
8773,900
8774,외인들
8775,불도
8776,지리산
8777,보잉 747
8778,종말
8779,기계 번역
8780,플래그
8781,최문기
8782,미궁
8783,한국교통연구원
8784,검사
8785,반바지
8786,상수
8787,핸드오버
8788,A9
8789,가두리 양식
8790,디딤돌
8791,CTIA
8792,비행기
8793,중앙아시아
8794,푸시
8795,일신
8796,대교
8797,어진
8798,권고
8799,미
8800,모래
8801,SDC
8802,세대
8803,7년
8804,단조
8805,박동진
8806,콩고
8807,변동
8808,김연아
8809,정안
8810,최경수
8811,김동석
8812,반지
8813,서울로
8814,10월 30일
8815,동물자유연대
8816,로라
8817,5D
8818,은정
8819,쿠바
8820,GDPR
8821,이성진
8822,버섯
8823,ECO
8824,50
8825,니어
8826,시가
8827,세나
8828,강소
8829,라우터
8830,보안 취약점
8831,지성
8832,사막
8833,안거
8834,이철호
8835,시흥동
8836,토크
8837,하노이
8838,CCTV
8839,"총, 균, 쇠"
8840,해시태그
8841,세질
8842,시약
8843,취향저격
8844,기자
8845,CI
8846,2009년
8847,S5
8848,송호성
8849,경식
8850,위드
8851,바오밥
8852,기흥
8853,환산
8854,시장
8855,와이즈
8856,업로드
8857,차차
8858,실험
8859,안준
8860,전자서명
8861,빈 집
8862,옥상 정원
8863,브라보
8864,구성
8865,평균
8866,재산권
8867,아크
8868,에티오피아
8869,이태수
8870,챔프
8871,정기주
8872,롯데홀딩스
8873,서울공대
8874,한니발
8875,유기농
8876,세계
8877,베를린
8878,성은
8879,네오위즈게임즈
8880,올림픽 성화
8881,대전충남
8882,DHL
8883,OTT
8884,TCFD
8885,바르
8886,JOLED
8887,만장
8888,약사
8889,KLPGA
8890,황소개구리
8891,급등주
8892,트러블
8893,질라
8894,음주운전
8895,연구개발
8896,명절
8897,캐시
8898,파사
8899,옴부즈만
8900,백운
8901,모션
8902,정리
8903,검증
8904,전주
8905,LIFE
8906,개국
8907,YES
8908,친
8909,클린
8910,고순
8911,이영희
8912,LG MMA
8913,운명
8914,근육
8915,SCPC
8916,공유경제
8917,중재
8918,11월 17일
8919,미련
8920,기업도시
8921,한진중공업
8922,AL
8923,메타버스
8924,검은사막
8925,빅매치
8926,부정맥
8927,대미
8928,생태계
8929,팟캐스트
8930,ESG
8931,경쟁
8932,모바일 월드 콩그레스
8933,TSR
8934,CATL
8935,ARS
8936,원도
8937,쿠폰
8938,웹OS
8939,GDP
8940,캐리어
8941,IET
8942,8월 10일
8943,황사
8944,덩샤오핑
8945,시민
8946,올드보이
8947,자궁경부암
8948,사망률
8949,서울대학교
8950,전기
8951,지식검색
8952,아키
8953,공공재
8954,다산
8955,SDA
8956,계승
8957,명자
8958,유바리
8959,DIGITAL
8960,브라운
8961,신입사원
8962,교두보
8963,전남
8964,와트
8965,남선알미늄
8966,승조
8967,혁신
8968,천자
8969,주도
8970,의약품 리베이트 쌍벌제
8971,마젤란
8972,노선도
8973,콤팩트
8974,아워홈
8975,복수
8976,프로비던스
8977,부탄
8978,SRS
8979,사면
8980,파생상품
8981,우리카드
8982,SME
8983,이다
8984,미란다 커
8985,이병철
8986,쇼핑몰
8987,미러클
8988,공공미술
8989,이상무
8990,정정
8991,파사드
8992,스페인어
8993,소비자
8994,나선
8995,선지
8996,비중
8997,폭죽
8998,LAW
8999,90년
9000,최경희
9001,김수미
9002,10년
9003,존 네이버
9004,구멍
9005,공학자
9006,5월 16일
9007,한동훈
9008,OGQ
9009,바리
9010,이수화학
9011,SSD
9012,소매
9013,일반인
9014,악어
9015,의지
9016,교육
9017,프로모션
9018,양서
9019,배임죄
9020,5월 15일
9021,빼빼로
9022,툴
9023,심장이 뛴다
9024,타당성
9025,공조
9026,장교
9027,아메리카 갓 탤런트
9028,일본어
9029,초과근무
9030,김용근
9031,부양
9032,GN
9033,홍진
9034,김재성
9035,이경재
9036,쉐보레
9037,2018년
9038,보험료
9039,10월 12일
9040,육각형
9041,오즈
9042,장과
9043,전성기
9044,쥐포
9045,제주항공
9046,THE
9047,문화콘텐츠
9048,ODM
9049,미도
9050,소감
9051,IPS
9052,탱고
9053,인권위원회
9054,호모
9055,테헤란
9056,사이에서
9057,뿌리
9058,마루
9059,안녕들 하십니까
9060,궤도
9061,가성
9062,케미컬
9063,장갑
9064,빵집
9065,삼호
9066,재외국민
9067,빛과 그림자
9068,MTS
9069,신출
9070,서치
9071,디케
9072,박세웅
9073,생명보험
9074,CMO
9075,CHC
9076,강남구
9077,블랙박스
9078,MPEG LA
9079,천국
9080,벨
9081,연구개
9082,오컴의 면도날
9083,지하상가
9084,동아제약
9085,6월 16일
9086,최고경영자
9087,당신
9088,뉴스 투데이
9089,2월 20일
9090,통가
9091,오산천
9092,정보통신진흥협
9093,아제르바이잔
9094,세계화
9095,우파
9096,육아휴직
9097,칼럼니스트
9098,CDE
9099,학생
9100,동강
9101,관사
9102,김성회
9103,동화약품
9104,프리
9105,홍역
9106,수첩
9107,구독
9108,배급
9109,215
9110,참배
9111,AMD
9112,킬러
9113,치즈볼
9114,지구촌
9115,최태원
9116,도이치
9117,석이
9118,사빅
9119,뉴트
9120,세종
9121,한용
9122,새마을금고
9123,화관
9124,ETSI
9125,YMTC
9126,범죄와의 전쟁
9127,UFS
9128,천명
9129,우크라이나
9130,커뮤니티
9131,광복절 특사
9132,방정식
9133,모니터
9134,하프마라톤
9135,소나기
9136,추격자
9137,나파
9138,권선동
9139,예비
9140,조항
9141,안경진
9142,고가
9143,혜리
9144,등대
9145,해밀턴
9146,합자
9147,디프테리아
9148,롤스로이스
9149,재생
9150,흡수
9151,최용규
9152,철새
9153,쾌도난마
9154,지도
9155,학사
9156,파문
9157,위계
9158,체력
9159,패로
9160,탄저
9161,김정룡
9162,불산
9163,놀이터
9164,스포츠 뉴스
9165,픽업
9166,김종갑
9167,통일
9168,어윤대
9169,짐
9170,박결
9171,고정관념
9172,중용
9173,파나마 페이퍼스
9174,NC
9175,이행
9176,주머니
9177,배달
9178,박찬
9179,유사
9180,포털
9181,하이퐁
9182,이화
9183,매니저
9184,알부민
9185,주민등록
9186,발작
9187,성균관
9188,다시
9189,CDP
9190,셰프
9191,피드
9192,소망
9193,노발
9194,한솔
9195,화채
9196,중립
9197,PMIC
9198,1월 19일
9199,추위
9200,단체
9201,장사
9202,CDO
9203,ESMO
9204,당근
9205,서남아
9206,인상
9207,자체발광
9208,와인
9209,한국어
9210,롯데백화점
9211,샴페인
9212,제약
9213,중앙일보
9214,우아
9215,밥솥
9216,대학원대학
9217,유영
9218,코오롱그룹
9219,교통부
9220,허영
9221,진정국
9222,격리
9223,화물
9224,11월 19일
9225,덕수궁
9226,건배
9227,토끼
9228,스택
9229,푼
9230,화정
9231,ISO
9232,기계
9233,교차로
9234,리우
9235,점화
9236,원부
9237,이종호
9238,정보
9239,확률
9240,하나투어
9241,IDT
9242,산토끼
9243,룸 서비스
9244,떡국
9245,전송
9246,이튼
9247,ICT
9248,칼
9249,식해
9250,GMP
9251,관리제
9252,AIX
9253,티볼리
9254,BTS
9255,쏘나타
9256,침대
9257,허동수
9258,TESAT
9259,LOUNGE
9260,강정
9261,상공의 날
9262,DO
9263,STP
9264,네트
9265,남궁훈
9266,한국보건산업진흥원
9267,아동
9268,뮤지컬
9269,폭로
9270,레이븐
9271,20세기
9272,류
9273,세로
9274,홍채
9275,케이드
9276,HEALTH
9277,X2
9278,하와이
9279,위서
9280,부패
9281,서점
9282,욕심
9283,수행
9284,왓슨
9285,KDFS
9286,증상
9287,LBS
9288,테라비트
9289,81년
9290,클라우드
9291,준용
9292,바이어
9293,노이즈
9294,부표
9295,캐스팅
9296,씨제이
9297,휴
9298,에코
9299,한창
9300,신규상
9301,서곡
9302,아선
9303,각막
9304,농협
9305,파라다이스
9306,법지
9307,김반
9308,낯선
9309,HSBC
9310,우주여행
9311,AP
9312,정운찬
9313,대전시
9314,음식물 쓰레기
9315,K7
9316,고선명
9317,가전제품
9318,나영석
9319,시가전
9320,다이슨
9321,이영구
9322,달마
9323,넥센타이어
9324,안심
9325,정기석
9326,세계보건기구
9327,미래산업
9328,의회
9329,번역
9330,서현
9331,당주
9332,금고
9333,왕중
9334,6월 26일
9335,구글 OS
9336,11월 21일
9337,절벽
9338,예지
9339,한은
9340,극장
9341,금연
9342,영종
9343,DAC
9344,아태
9345,포스코
9346,사단
9347,사업
9348,주거
9349,실크로드
9350,이종욱
9351,상대로
9352,구절
9353,이상주
9354,LG챔피언스파크
9355,해인사
9356,코스메슈티컬
9357,당단백질
9358,회오리 바람
9359,대보
9360,마라톤
9361,전위
9362,독도
9363,은주
9364,MBN
9365,노크
9366,허연
9367,두마
9368,인후
9369,KM
9370,결정
9371,란 코
9372,황해
9373,아웃소싱
9374,클릭
9375,SM
9376,시간
9377,VC
9378,육사
9379,충격파
9380,훼손
9381,보루
9382,MZ
9383,르 코르뷔지에
9384,6월 7일
9385,DJSI
9386,TRIONES
9387,유동
9388,가르시아
9389,고스톱
9390,클로
9391,예산
9392,자회사
9393,IFRS
9394,희영
9395,도장
9396,NBL
9397,CCU
9398,군인
9399,양진석
9400,캠프
9401,XBOX
9402,이재현
9403,영
9404,EPP
9405,영수증
9406,조상호
9407,512
9408,임대
9409,케냐
9410,김경수
9411,의리
9412,하동
9413,팽성읍
9414,CLOUD
9415,공공
9416,STOP
9417,MWH
9418,유니온
9419,유니버스
9420,사일
9421,수소충전소
9422,야심작
9423,검은 목요일
9424,명상
9425,김상조
9426,투자가
9427,프리미엄
9428,교집합
9429,조지아
9430,도사리
9431,섬진강
9432,형식
9433,VIP
9434,액세스
9435,인생
9436,IE
9437,적자생존
9438,인터넷 전문은행
9439,타파스
9440,에어컨
9441,CEO
9442,국제회계기준
9443,설리
9444,ITC
9445,비오
9446,CEDIA
9447,아리아
9448,안녕하세요
9449,가상화
9450,가방
9451,바닥
9452,아삭
9453,리세
9454,모라
9455,양제
9456,마크로젠
9457,이사회
9458,특허분쟁
9459,한국화
9460,시알
9461,CVC
9462,에비앙
9463,란
9464,항변
9465,WIFI
9466,애완동물
9467,초고
9468,김영관
9469,숙주
9470,과시
9471,성전
9472,미카
9473,호시
9474,3S
9475,균형발전
9476,비엔
9477,KB
9478,실
9479,여록
9480,세븐
9481,NOT
9482,박용진
9483,나방
9484,스테이
9485,전설
9486,OT
9487,세바
9488,미르
9489,루멘
9490,비씨카드
9491,UP
9492,진식
9493,12월 5일
9494,아르고스
9495,순수
9496,관리자
9497,가이드
9498,이매진
9499,터미널
9500,부모
9501,동굴
9502,마이바흐
9503,정진엽
9504,한독
9505,황제
9506,황교안
9507,외모지상주의
9508,김경민
9509,열기구
9510,칼슘
9511,탈시
9512,남북경협
9513,한국과학기술연구원
9514,IBC
9515,미팅
9516,CJ헬스케어
9517,외도
9518,오마
9519,동티모르
9520,도화선
9521,성인용
9522,빌헬름
9523,속사정
9524,못
9525,니아
9526,비콘
9527,트리클다운
9528,신라
9529,에버
9530,민주당
9531,트레일러
9532,교생
9533,인권
9534,HP
9535,운세
9536,유인
9537,GSMA
9538,남녀
9539,기시
9540,융자
9541,론
9542,영인프런티어
9543,상용차
9544,16년
9545,건축물
9546,김병훈
9547,눈길
9548,도깨비
9549,아타
9550,롯데칠성음료
9551,도선
9552,PHOTO
9553,만화가
9554,군포
9555,LM
9556,AN
9557,연구실
9558,송영선
9559,유엔개발계획
9560,FIDO
9561,미리
9562,최고기술책임자
9563,80
9564,말라
9565,지방
9566,공익
9567,AMOLED
9568,우정사업본부
9569,CEPA
9570,박명순
9571,선전
9572,박근혜
9573,리더
9574,태경
9575,태광산업
9576,어담
9577,키움증권
9578,송자
9579,반사
9580,전상
9581,CTS
9582,기한
9583,경부선
9584,난민
9585,라씨
9586,한국화장품
9587,부산대병원
9588,기공식
9589,퍼스
9590,민트
9591,이즈
9592,터치패드
9593,유통기한
9594,KRX
9595,신규
9596,장애인의 날
9597,조영식
9598,효모
9599,탈피
9600,엔 주
9601,레바논
9602,진도
9603,무선 네트워크
9604,베이비붐 세대
9605,영미
9606,고부
9607,의료
9608,표현의 자유
9609,BEMS
9610,김승희
9611,회화
9612,신데렐라
9613,경찰
9614,KT&G
9615,저작물
9616,성모병원
9617,위정
9618,열망
9619,이상화
9620,조용준
9621,경제 체제
9622,의정서
9623,OO
9624,소프트웨어
9625,고무줄
9626,구하기
9627,승인
9628,증자
9629,LG G3
9630,내츄럴엔도텍
9631,발명가
9632,현기증
9633,MANTA
9634,홍수
9635,유준상
9636,수면제
9637,인터넷 브랜드
9638,재의
9639,가위
9640,PHA
9641,NHN
9642,감사원
9643,국
9644,가로
9645,9월 17일
9646,이재명
9647,옥스포드 블록
9648,상계동
9649,대한항공
9650,망루
9651,상사
9652,한국농수산식품유통공사
9653,가에
9654,핸드볼
9655,서면
9656,바젤
9657,랜드
9658,발효
9659,반장
9660,교과서
9661,평면
9662,이은우
9663,방시혁
9664,그날 이후
9665,비행
9666,GTB
9667,안나
9668,조관
9669,공랭
9670,개그콘서트
9671,MG
9672,산성
9673,단금
9674,신약
9675,황우석
9676,APS
9677,분화
9678,파이
9679,천경자
9680,바로
9681,김덕수
9682,어린이
9683,하나로
9684,김종덕
9685,충무로
9686,로나
9687,LG생활건강
9688,영혼
9689,데스크톱 가상화
9690,원인
9691,직구
9692,큐브
9693,제일병원
9694,본점
9695,40년
9696,LNG
9697,GARP
9698,관리도
9699,SV
9700,볼륨
9701,심박수
9702,아크릴
9703,유니콘
9704,두산
9705,묘수
9706,레드닷 디자인 어워드
9707,크롬 OS
9708,정호영
9709,우선주
9710,한상범
9711,트랜스포머
9712,디지털 아트
9713,제가
9714,사회복지사
9715,마크 리퍼트
9716,개발
9717,하우
9718,창의성
9719,레이어
9720,이형
9721,발견
9722,재벌
9723,충남도
9724,3월 20일
9725,소포
9726,정몽규
9727,라타
9728,자산
9729,넥서스
9730,한미정상회담
9731,무단
9732,화요
9733,소녀시대
9734,베타
9735,이재웅
9736,델라웨어
9737,가자
9738,송진호
9739,평결지침
9740,경마
9741,액션
9742,AAA
9743,테이블
9744,홍문표
9745,시청
9746,소자
9747,니즈
9748,WENNOVATION
9749,삼성 제트
9750,중파
9751,체포
9752,브이
9753,PAHO
9754,용접
9755,공모
9756,퓨전
9757,3M
9758,깃털
9759,레코드
9760,하나에
9761,지진
9762,디스커버리
9763,VSAI
9764,CISO
9765,150
9766,폴
9767,기준
9768,산업용 로봇
9769,여행사
9770,생활
9771,전력
9772,시프트
9773,캔디
9774,법정
9775,정우성
9776,수자원공사
9777,장애인
9778,혈우병
9779,이미지 센서
9780,지붕
9781,스튜디오
9782,A4
9783,공수
9784,PLAY
9785,임신
9786,인호
9787,그래텍
9788,트로이
9789,초경
9790,환율
9791,알제리
9792,한국생물공학회
9793,휴스턴
9794,스마트워치
9795,정상회담
9796,서성
9797,SDDC
9798,차고
9799,생화학
9800,팬덤
9801,장기전
9802,피트
9803,수의
9804,북
9805,일원동
9806,아프리카TV
9807,김규태
9808,풍력
9809,피트니스
9810,진용
9811,통도사
9812,패러다임
9813,건국대
9814,힐러리
9815,장정
9816,우즈베키스탄
9817,ONOS
9818,김우주
9819,김영기
9820,베이징
9821,복권
9822,두지
9823,몰리나
9824,기안84
9825,다저스
9826,유화
9827,GS칼텍스배
9828,승률
9829,한국경제TV
9830,계측기
9831,중금속
9832,강호
9833,약시
9834,60년
9835,소방
9836,연맹
9837,포커스
9838,초점
9839,수애
9840,장형
9841,형주
9842,뱅가드
9843,일양
9844,그랜드뷰
9845,생각
9846,우주복
9847,디시 네트워크
9848,액체
9849,서울시민대학
9850,시장 구조
9851,난소
9852,BMW
9853,망 시
9854,미니
9855,짙은
9856,정부
9857,7월 27일
9858,공황
9859,비닐
9860,병사
9861,기상
9862,세토
9863,한국표준협회
9864,에어
9865,버진
9866,블랙 스완
9867,망고
9868,R5
9869,요코하마
9870,더빙
9871,210
9872,춘추전국시대
9873,투모로우
9874,우승
9875,영웅
9876,INVESTMENT
9877,매머드
9878,순환
9879,보람
9880,피니언
9881,신사협정
9882,자리
9883,쇼크
9884,한진해운
9885,CRM
9886,찰리 푸스
9887,고한승
9888,테마
9889,하
9890,포코
9891,피로연
9892,한국도로공사
9893,이주원
9894,경자
9895,스티븐
9896,LG엔시스
9897,테러
9898,누비
9899,45
9900,뉴딜
9901,MM
9902,석순
9903,포퓰리즘
9904,외국인
9905,루이지애나
9906,차익거래
9907,GPS
9908,PLA
9909,잇몸
9910,AMUNDI
9911,이승현
9912,조합
9913,감독
9914,10월 27일
9915,이별
9916,황영기
9917,RFB
9918,인증
9919,티빙
9920,주기파
9921,다크
9922,화학공학
9923,정환
9924,도면
9925,3D
9926,캐딜락
9927,정재호
9928,MSD
9929,기공
9930,김무성
9931,CPU
9932,보라
9933,한솔교육
9934,G6
9935,화성
9936,현대자동차그룹
9937,전서
9938,티그리스
9939,나폴레옹
9940,다짐
9941,정치테마주
9942,KIMCO
9943,신세계
9944,10월
9945,유방
9946,18년
9947,한정석
9948,플린
9949,사회복지공동모금회
9950,와서
9951,서리
9952,삼성제약
9953,방범
9954,아마추어
9955,인스타그램
9956,오리
9957,엔씨소프트
9958,보다폰
9959,초안
9960,야생화
9961,혜능
9962,와우
9963,의적
9964,집행정지
9965,덕유산
9966,다나와
9967,파상풍
9968,연광
9969,아시아종묘
9970,성우
9971,가치투자
9972,제품 개발
9973,혁진
9974,성운
9975,필살기
9976,사모
9977,SEA
9978,신발
9979,원주
9980,텐진
9981,메르스
9982,2시
9983,고도
9984,문화의 날
9985,알서포트
9986,연말정산
9987,위생
9988,매체
9989,직장인
9990,국가대표
9991,이석희
9992,삼성화재
9993,콘솔
9994,환매
9995,건축학개론
9996,후진
9997,프리스타일
9998,PEN
9999,동계
10000,저커버그
10001,메이드 인 차이나
10002,비타민 D
10003,동원그룹
10004,신화
10005,스페인
10006,보험약관
10007,기유
10008,경총
10009,6월 27일
10010,화장실
10011,밀레니얼 세대
10012,셧다운
10013,RTC
10014,박순
10015,기둥
10016,블랙아웃
10017,UHDTV
10018,케미
10019,가우
10020,유턴
10021,오션
10022,시품
10023,하이데거
10024,WIDE
10025,1960년대
10026,호텔신라
10027,바카라
10028,옵티머스 패드 LTE
10029,사조
10030,연관
10031,EDGE
10032,정복
10033,열사
10034,스타일러스
10035,토피아
10036,코스피 지수
10037,수호전
10038,러브
10039,김동호
10040,사전
10041,엔진
10042,제주도
10043,잉글랜드
10044,나기
10045,52년
10046,김도연
10047,만인
10048,진료소
10049,애플 소송
10050,페어
10051,실명
10052,우루사
10053,사자
10054,미와
10055,부역
10056,스미토모
10057,박상범
10058,한국세무사회
10059,본토
10060,송이
10061,동승
10062,LCD
10063,우사
10064,BE
10065,불꺼진 창
10066,네이트
10067,우치
10068,후이저우
10069,수익률
10070,COM
10071,아이들
10072,지혜
10073,디
10074,우먼
10075,PWC
10076,파스텔
10077,무좀
10078,PREMIUM
10079,세균
10080,웰스
10081,넷북
10082,슈트
10083,중국인
10084,왕관
10085,서울광장
10086,11월
10087,신곡
10088,농성
10089,해주시
10090,시사회
10091,스타리그
10092,누구
10093,시야
10094,런던 올림픽
10095,스포크
10096,HBS
10097,소비재
10098,별
10099,교통위반
10100,기아자동차
10101,폭포
10102,이충
10103,청담러닝
10104,소취하
10105,68
10106,에미상
10107,NASA
10108,신격호
10109,VOD
10110,올림푸스
10111,용산
10112,신성
10113,이글 아이
10114,6월 13일
10115,도료
10116,도스
10117,MMS
10118,1/3
10119,뷰티
10120,아시아
10121,미역
10122,정연
10123,저녁
10124,게이머
10125,SIMS
10126,도서관
10127,성범죄
10128,이아이디
10129,조기간
10130,박정하
10131,드가
10132,오스템임플란트
10133,헤드셋
10134,엔젤
10135,수어
10136,징역형
10137,파일
10138,YOU
10139,CTP
10140,상업
10141,제네시스 G80
10142,KHAN
10143,설계
10144,축산
10145,포트폴리오
10146,양성
10147,로직
10148,가치주
10149,김명중
10150,미러
10151,12월 23일
10152,GLNG
10153,통계학
10154,모바일
10155,상태도
10156,WITH
10157,안녕
10158,오해
10159,구옥희
10160,심의
10161,글로벌
10162,롯데월드타워
10163,한경
10164,명
10165,알박기
10166,빅 히트
10167,전남도
10168,최수현
10169,노숙
10170,유열
10171,사방지
10172,앵커
10173,저항
10174,싸이월드
10175,이단
10176,성실
10177,EBS
10178,어도
10179,삼성바이오에피스
10180,대중
10181,MICE 산업
10182,한광섭
10183,단백질
10184,위안
10185,안전 문화
10186,처서
10187,파마
10188,빈 체제
10189,FC
10190,한경연
10191,의안
10192,인자
10193,주먹
10194,발명의 날
10195,롯데마트
10196,중계로
10197,광복절
10198,서소문
10199,항우
10200,문의서
10201,3T
10202,달인
10203,껍질
10204,수정
10205,코뿔소
10206,CSR
10207,ESSLG
10208,파란
10209,장례
10210,얼라이언스
10211,루시
10212,김광섭
10213,영토 분쟁
10214,메스
10215,플러스
10216,조속
10217,연대기
10218,종이
10219,존경
10220,제강
10221,다우지
10222,프리뷰
10223,과자
10224,로그인
10225,어린이집
10226,변이
10227,김원
10228,주인
10229,박덕흠
10230,가계부
10231,계정
10232,차만
10233,팝콘
10234,보브
10235,내면
10236,김승민
10237,구리
10238,정민
10239,폭동
10240,유리
10241,연산
10242,잡스
10243,대현
10244,69년
10245,FPGA
10246,대상
10247,헬리
10248,튀빙겐
10249,LSI
10250,두체
10251,스틱
10252,LNP
10253,몬트리올
10254,노동부
10255,무색
10256,석정
10257,마우스
10258,봄
10259,전파통신
10260,IC
10261,스위스
10262,고가도
10263,제주은행
10264,미주
10265,블록버스터
10266,MB
10267,용기
10268,소정
10269,전방
10270,이천
10271,니시
10272,유니버시아드
10273,위치
10274,바이오
10275,달러
10276,조국
10277,전열
10278,김영진
10279,모바일 결제
10280,레이커스
10281,측정
10282,액정
10283,HUD
10284,교통안전공단
10285,나무
10286,학점
10287,금주
10288,온라인 뱅킹
10289,생장
10290,BGF리테일
10291,하명
10292,정밀
10293,대웅제약
10294,수지
10295,좋은 아침
10296,분유
10297,무소
10298,VM웨어
10299,이름
10300,지하철역
10301,스파크
10302,드리븐
10303,호준
10304,양
10305,엄
10306,팩토리
10307,MTC
10308,배치
10309,AZ
10310,한국야쿠르트
10311,주방
10312,사성
10313,종회
10314,엑스 마키나
10315,미로
10316,용주
10317,바이두
10318,롯데
10319,국부
10320,김대
10321,킴
10322,오미
10323,T9
10324,휘발유
10325,그라도
10326,패션왕
10327,뇌종양
10328,정제
10329,재선
10330,용병
10331,홍명보
10332,GS
10333,데이터 전송
10334,속초
10335,호소
10336,로우스
10337,사업가
10338,마이웨이
10339,국부펀드
10340,미래에셋증권
10341,조석
10342,태인
10343,야구장
10344,크리켓
10345,뇌염
10346,CC
10347,FOR
10348,POLL
10349,제이미 올리버
10350,장재
10351,자이
10352,SIGNATURE
10353,산유화
10354,커리
10355,롯데시네마
10356,스트로
10357,조제
10358,피어
10359,아카데미
10360,아미
10361,권형준
10362,세금
10363,직도
10364,치질
10365,세계지식포럼
10366,박태환
10367,해상도
10368,사람
10369,아티스트
10370,이종석
10371,오키나와
10372,듀스
10373,회계사
10374,블로그
10375,MDFPP
10376,만
10377,일렉트로
10378,하나금융투자
10379,전화
10380,지금
10381,기네스
10382,에스원
10383,노무현
10384,양기
10385,CRO
10386,롯데호텔 서울
10387,정인
10388,AFL
10389,설음
10390,M12
10391,윔블던
10392,양은
10393,9월 27일
10394,VELVET
10395,매력
10396,NTT
10397,민영화
10398,ODA
10399,웨이브
10400,중화
10401,KPMG
10402,로어
10403,KCSI
10404,국채
10405,홍라희
10406,일
10407,해수담수화
10408,오닉스
10409,요타
10410,이적
10411,산소
10412,크리스탈
10413,학벌
10414,한국원자력연구원
10415,전통주
10416,P5
10417,최
10418,색도
10419,김현석
10420,보톡스
10421,동반성장위원회
10422,IU
10423,그리드
10424,테네시 타이탄스
10425,복지
10426,ESTATE
10427,KR
10428,홈플러스
10429,허브
10430,태블릿 PC
10431,힘찬
10432,스모
10433,해태제과식품
10434,대장염
10435,KIF
10436,취소
10437,유미
10438,해남
10439,진실게임
10440,베컴
10441,경동시장
10442,현대그룹
10443,4월 17일
10444,BUY
10445,2040년
10446,한국일보
10447,쓰기
10448,정비
10449,친환경
10450,무사
10451,세종대
10452,사우나
10453,기쁨
10454,LG트윈타워
10455,소리바다
10456,세종텔레콤
10457,한화솔라원
10458,머리띠
10459,여론
10460,방한복
10461,대장암
10462,영장류
10463,고추
10464,LPDDR
10465,중소기업
10466,김재엽
10467,온라인 게임
10468,투기
10469,앨리스
10470,성수
10471,인성
10472,민
10473,작은 거인
10474,멀티미디어
10475,활용
10476,충북대
10477,호두까기 인형
10478,나눔글꼴
10479,방역
10480,KCT
10481,사담
10482,강판
10483,사용성
10484,설지
10485,잡아줘
10486,공주
10487,동지
10488,케이티
10489,웨스턴
10490,웹코믹
10491,가슴
10492,KETI
10493,지속성
10494,CJ
10495,뇌졸중
10496,사법
10497,팬데믹
10498,청주시
10499,행동주의
10500,레미
10501,NHN엔터테인먼트
10502,펙
10503,에쿠스
10504,뻥튀기
10505,전문직
10506,샤넬
10507,최재호
10508,이
10509,아들
10510,백수
10511,전자신문
10512,배지
10513,POSSIBLE
10514,전
10515,동기화
10516,고승
10517,목요일
10518,식량주권
10519,국가
10520,홍릉
10521,소환
10522,텍스트
10523,박람회
10524,투지
10525,3월 19일
10526,금타
10527,우울
10528,MCPTT
10529,CITY
10530,신주인수권
10531,울진
10532,덴마크
10533,리츠칼튼
10534,IB
10535,바닥재
10536,김승연
10537,수협은행
10538,희성
10539,EMR
10540,여지
10541,리플레이
10542,김경진
10543,남매
10544,남부
10545,HM
10546,유한양행
10547,진격의 거인
10548,OPEC
10549,듀크
10550,JTBC
10551,김지현
10552,SPREE
10553,진공관
10554,원사
10555,나주
10556,AMP
10557,아베 신조
10558,ITU-T
10559,프로그램스
10560,MIRI
10561,김재준
10562,판매
10563,도미노
10564,NCR
10565,사나
10566,경사
10567,자본
10568,김영수
10569,배우자
10570,국조
10571,초밥
10572,삼성차
10573,라피
10574,벤젠
10575,포도
10576,방산
10577,박영훈
10578,캐리커처
10579,매듭
10580,세부
10581,올스타
10582,도박
10583,가석방
10584,ROE
10585,이지선
10586,굿바이
10587,박용만
10588,스마트폰
10589,부산시
10590,텔아비브
10591,강원도청
10592,바이오나
10593,UST
10594,가로수
10595,MY
10596,암행어사
10597,로소
10598,리베이트
10599,드라이아이스
10600,11월 7일
10601,유전자 검사
10602,서복경
10603,한인
10604,라이언
10605,리모트콜
10606,장년
10607,만찬
10608,의정부
10609,눈물
10610,제초제
10611,위도
10612,32
10613,탐구
10614,PDF
10615,45년
10616,TTT
10617,그래핀
10618,메모리 관리
10619,벌집
10620,망가
10621,KCC
10622,1월 20일
10623,워드
10624,에어팟
10625,불신
10626,곡면
10627,쩐의 전쟁
10628,관세국경관리연수원
10629,코모
10630,미영
10631,EB
10632,상조
10633,AM
10634,PERC
10635,스피도
10636,액자
10637,현상
10638,축전
10639,홍국
10640,고무장갑
10641,위임
10642,온두라스
10643,박정희
10644,네이버캐스트
10645,DSR
10646,소설
10647,물질
10648,기사
10649,환담
10650,아세톤
10651,HDR
10652,이환
10653,AT센터
10654,차리
10655,의혹
10656,과태료
10657,하숙
10658,둥지
10659,현금
10660,ATM
10661,대학만화 최강자전
10662,스카웃
10663,재정
10664,롯데월드
10665,넥슨
10666,이해관계자
10667,마리아
10668,익형
10669,보드룸
10670,올림픽공원
10671,연대보증
10672,어시스트
10673,세
10674,맥 OS
10675,사탕수수
10676,무예
10677,어스
10678,정지
10679,해시
10680,변호사법
10681,월마트
10682,소녀
10683,한컴
10684,도쿄 올림픽
10685,구어
10686,저울
10687,인공지능
10688,셰어
10689,일회용품
10690,SBE
10691,PF
10692,물류
10693,고장
10694,코발트
10695,IFC
10696,김택수
10697,항공
10698,종신
10699,준비운동
10700,김용석
10701,PT
10702,최불암
10703,대처
10704,박영수
10705,주말
10706,유관
10707,YMCA
10708,파전
10709,매거진
10710,이창
10711,밥캣
10712,구상
10713,불화
10714,복식호흡
10715,스프링
10716,M2M
10717,오찬
10718,트와이스
10719,국립축산과학원
10720,금호그룹
10721,한화토탈
10722,색상
10723,화난
10724,JYP
10725,타타
10726,한국소비자원
10727,어깨동무
10728,임지훈
10729,신시
10730,주식매수선택권
10731,구미시장
10732,밀어내기
10733,점자
10734,인사동
10735,베란다
10736,청춘
10737,프로젝터
10738,4월 21일
10739,공항철도
10740,택배
10741,ZKW
10742,이마트
10743,해운대
10744,BLU
10745,무리
10746,핵융합
10747,오타
10748,ZOOM
10749,저축
10750,사찰
10751,회원
10752,마로
10753,원지
10754,AIG손해보험
10755,한오
10756,목소리
10757,비빔밥
10758,모노
10759,신축
10760,아침
10761,에콰도르
10762,경
10763,태극기
10764,심수
10765,HA
10766,티타임
10767,융
10768,재무제표
10769,강만수
10770,가제
10771,세네갈
10772,복분자주
10773,건축가
10774,플랜
10775,센트
10776,사이비
10777,SHORTAGE
10778,국회의사당
10779,의료 산업
10780,리쇼어링
10781,인더스
10782,다우
10783,유일호
10784,합작투자
10785,프라이머
10786,포스
10787,한국콜마
10788,ZEM
10789,태조
10790,CJ푸드빌
10791,박규수
10792,HS
10793,백병전
10794,파스
10795,GC
10796,WE
10797,동관
10798,다린
10799,BI
10800,병원
10801,대장
10802,구현
10803,계산
10804,유정
10805,숨바꼭질
10806,남북
10807,한국문화예술위원회
10808,백신
10809,독사
10810,수성
10811,DX
10812,호찌민
10813,나노입자
10814,안산
10815,2월 15일
10816,항만
10817,강명구
10818,황창규
10819,전두환
10820,아랍어
10821,아이
10822,삼원
10823,슬픔
10824,퓨리
10825,인터뷰
10826,레이
10827,인식
10828,석호
10829,한국소비자웰빙지수
10830,평등
10831,RENEWAL
10832,오산
10833,삼성그룹
10834,MA
10835,개념
10836,지하
10837,정종택
10838,인사이트
10839,RNA
10840,유라
10841,원화
10842,밴스
10843,BMS
10844,전략산업
10845,열원
10846,슬로건
10847,지역
10848,조양호
10849,SIC
10850,린드버그
10851,핑크
10852,메달
10853,CMA
10854,머리
10855,신용등급
10856,연금
10857,너는
10858,프로덕션
10859,협동
10860,도미
10861,이권
10862,타오바오
10863,통신법
10864,FMCW
10865,THAT
10866,포탈
10867,지휘
10868,박성준
10869,BBB
10870,병풍
10871,나나
10872,파장
10873,지옥
10874,뇌연구
10875,스폰서
10876,담배
10877,요지경
10878,황보
10879,교육부
10880,고객
10881,이준호
10882,국립암센터
10883,ET
10884,연세대
10885,달빛
10886,콜레스테롤
10887,청 구
10888,광합성
10889,유로존
10890,ISE
10891,대한민국
10892,10월 10일
10893,SC
10894,박사
10895,21년
10896,대한생명
10897,드
10898,양자암호
10899,유병호
10900,수미
10901,와이브로
10902,고시
10903,나사
10904,일기
10905,최웅
10906,펜타곤
10907,심도
10908,화구
10909,셔츠
10910,부피
10911,변화
10912,도레이
10913,RESU
10914,수장
10915,도리를 찾아서
10916,꼰대
10917,1인 시위
10918,대동여지도
10919,방문자
10920,코끼리
10921,난방
10922,11
10923,세계유산
10924,해우
10925,귀향
10926,가스
10927,단행본
10928,골드만삭스
10929,디아이
10930,대기업
10931,허니
10932,스코어
10933,별내선
10934,해리
10935,아이리버
10936,오로라
10937,마늘
10938,구조도
10939,줄다리기
10940,레스
10941,게임빌
10942,아베노믹스
10943,국무장관
10944,시멘트
10945,라오스
10946,대도시
10947,3분
10948,킹
10949,경단
10950,28
10951,감자
10952,전략적 제휴
10953,페트라
10954,서강대
10955,카자흐
10956,얼음
10957,고투
10958,SKB
10959,비극
10960,입체
10961,아이패드
10962,중간배당
10963,SESL
10964,능선
10965,주차장
10966,증발
10967,우공이산
10968,밀리언셀러
10969,편견
10970,수사
10971,빈곤
10972,NPU
10973,필러
10974,테라바이트
10975,늦기 전에
10976,유연근무제
10977,사유
10978,정지원
10979,화합
10980,명지대
10981,커플링
10982,MP3
10983,전조
10984,기자수첩
10985,발비
10986,상장법인
10987,선진국
10988,낚시
10989,원천
10990,빙하기
10991,22년
10992,HLDS
10993,성과급
10994,탈출
10995,사랑으로
10996,벤처기업
10997,59
10998,광자
10999,크리스마스 씰
11000,상아탑
11001,무비
11002,합판
11003,식당
11004,럭스
11005,구로
11006,장경영
11007,셰일
11008,도약
11009,가주
11010,정진호
11011,이참
11012,변협
11013,DS
11014,소명
11015,선의
11016,김상현
11017,스트리밍
11018,사파리
11019,기억
11020,PO
11021,엘리엇 매니지먼트
11022,자수
11023,맞선
11024,ECCO
11025,남영
11026,AF
11027,숫자
11028,SDI
11029,체인
11030,명예훼손
11031,한국프로골프협회
11032,나그네
11033,LB
11034,사장
11035,SK그룹
11036,12월 6일
11037,UK
11038,재원
11039,권오성
11040,자주
11041,여개
11042,다운
11043,새너제이
11044,정찬
11045,공공의 적
11046,만나
11047,위해
11048,정전
11049,기린
11050,승용차
11051,근거
11052,광시
11053,샌프란시스코
11054,M9
11055,서울신문
11056,크레온
11057,감염
11058,패리스 힐튼
11059,패싱
11060,부메랑
11061,서진
11062,생산성
11063,차이나
11064,언론
11065,5월 17일
11066,위대한 개츠비
11067,극단
11068,스마
11069,지인
11070,수조
11071,관세
11072,정류장
11073,카토
11074,노동
11075,라즈베리
11076,밀어
11077,싸이렌
11078,유유제약
11079,스무고개
11080,케이스
11081,한국관광공사
11082,행자
11083,독립기념관
11084,제로
11085,웹 브라우저
11086,단타
11087,해도
11088,헌터
11089,면접
11090,도시
11091,프랙탈
11092,로열
11093,MBPS
11094,조직
11095,LPWA
11096,충남
11097,비대
11098,스템
11099,방전
11100,KEA
11101,정치
11102,플라워
11103,환영
11104,동수
11105,존
11106,진가
11107,1990
11108,한국토지주택공사
11109,박일
11110,아이폰
11111,장석복
11112,다스
11113,렌즈
11114,디트로이트
11115,SQL 서버
11116,RGBW
11117,갈마
11118,공정거래위
11119,ON
11120,왕좌의 게임
11121,브리프
11122,RPX
11123,KEB하나은행
11124,현대엠엔소프트
11125,31
11126,준호
11127,통로
11128,이상규
11129,광케이블
11130,시리즈
11131,감염병
11132,극한
11133,비즈니스
11134,유시
11135,시스
11136,가두리
11137,김대중
11138,번지
11139,착취
11140,ETF
11141,9월 29일
11142,토론토
11143,원고
11144,악행
11145,민정
11146,중앙
11147,미타
11148,유제
11149,세포 치료
11150,나스닥
11151,PQ
11152,6월 12일
11153,GENIUSES
11154,바이오마커
11155,대구경북
11156,바나듐
11157,WSJ
11158,명성
11159,3월 29일
11160,사두
11161,쏘카
11162,원단
11163,지일파
11164,시험
11165,롯
11166,여의
11167,BCG
11168,임
11169,올랜도
11170,이사도
11171,스탠퍼드
11172,실리콘밸리
11173,NASH
11174,근로기준법
11175,미운오리새끼
11176,유럽
11177,덕산하이메탈
11178,서랍
11179,한샘
11180,YT
11181,티셔츠
11182,유동성
11183,데자뷔
11184,부풀리기
11185,필라델피아
11186,악전
11187,ARM
11188,NIC
11189,SUR
11190,시사
11191,망대
11192,김창후
11193,안재형
11194,V2
11195,인기
11196,전략
11197,토너
11198,교대
11199,동기 부여
11200,세이버
11201,나이키 커브
11202,문자
11203,방송
11204,김문수
11205,쌍용양회
11206,전담
11207,이해민
11208,유레카
11209,이어
11210,증인
11211,대유
11212,하현
11213,프레스티지
11214,유혹
11215,BPCL
11216,김병주
11217,YSMI
11218,와이셔츠
11219,RPET
11220,LIG
11221,이용우
11222,연초
11223,담금질
11224,KEPCOES
11225,마그네슘
11226,르노
11227,요리
11228,경첩
11229,소부
11230,파이터
11231,애인
11232,정유
11233,이익환
11234,의전
11235,대비
11236,아기
11237,실드
11238,코웨이
11239,130
11240,단물
11241,애슈턴
11242,온스
11243,실속
11244,타임스퀘어
11245,트론
11246,NSOK
11247,서병기
11248,화형식
11249,스피드
11250,서정우
11251,영매
11252,삼수
11253,사가 시
11254,KIA
11255,의학사
11256,삼척
11257,SAFE
11258,스니커즈
11259,화장품
11260,PUF
11261,스티브 잡스
11262,코리안
11263,파이어폭스
11264,올레 TV
11265,G7
11266,죽음
11267,이영하
11268,제멋대로
11269,유안타증권
11270,알파벳
11271,조회
11272,중
11273,현대미포조선
11274,노무라증권
11275,WORLD
11276,모터사이클
11277,김연준
11278,NGMN
11279,허재
11280,불어
11281,라이벌
11282,온양
11283,약학
11284,배틀그라운드
11285,프렌즈
11286,데포
11287,GRS
11288,용량
11289,11월 2일
11290,분리
11291,경제인
11292,넓이
11293,55년
11294,대학로
11295,교보증권
11296,자인
11297,조기
11298,요정
11299,그림자
11300,네트워크 보안
11301,슈퍼카
11302,지주
11303,환경의 날
11304,옥스포드
11305,에볼라
11306,포터
11307,2월 7일
11308,한국거래소
11309,김경덕
11310,이노베이션
11311,이재승
11312,이루
11313,주인공
11314,동상이몽
11315,수확
11316,농림
11317,아토피
11318,정진기언론문화상
11319,김병묵
11320,46년
11321,SA
11322,괜찮아
11323,호흡
11324,남창희
11325,유보
11326,10월 2일
11327,플리토
11328,테더링
11329,4월 8일
11330,장학금
11331,시체
11332,코피
11333,무게 중심
11334,무선 충전
11335,펩시콜라
11336,구세계
11337,TOGETHER
11338,테리
11339,로커
11340,새벽
11341,인사
11342,테헤란로
11343,카스
11344,젊음
11345,세계로
11346,김재욱
11347,접지
11348,SAPEON
11349,신영자
11350,잔소리
11351,제시
11352,객관
11353,대한승마협회
11354,마지막 인사
11355,전등
11356,유해무
11357,시리
11358,HSCEI
11359,교원
11360,종성
11361,SOS
11362,애니메이션
11363,카르
11364,작전
11365,리어
11366,허리케인
11367,아바타
11368,프레임
11369,위노트
11370,별을 쏘다
11371,사물통신
11372,70년대
11373,성찬
11374,G4
11375,서막
11376,혈관
11377,국경
11378,TED
11379,LG디스플레이
11380,장세용
11381,강봉균
11382,소화기
11383,종합병원
11384,ABB
11385,염기서열
11386,핑
11387,J&J
11388,컴퓨팅
11389,번들
11390,사설망
11391,콜레라
11392,디펜더
11393,KG동부제철
11394,김기중
11395,음식점
11396,만성
11397,12월 27일
11398,연예
11399,SEAL
11400,대상포진
11401,엑스칼리버
11402,비상근
11403,의약품
11404,대통령 선거
11405,TPL
11406,병원선
11407,이음
11408,오락실
11409,BAD
11410,고요한
11411,점프
11412,현
11413,불편한 진실
11414,미션
11415,비제바노
11416,비트코인
11417,유스
11418,이선
11419,판문점
11420,미술
11421,기가
11422,애니팡
11423,신동
11424,이은석
11425,주우
11426,최현
11427,증서
11428,고속도로
11429,고흐
11430,플로우
11431,전현희
11432,메가
11433,PEOPLE
11434,오은
11435,조성진
11436,천사
11437,사활
11438,뇌물
11439,ONLINE
11440,TN
11441,용인
11442,밤과 낮
11443,디유닛
11444,약식
11445,위장
11446,센
11447,7월 24일
11448,게놈
11449,관장
11450,BBK
11451,ADC
11452,테마파크
11453,재팬
11454,NCMA
11455,기화
11456,포스코대우
11457,음주
11458,NUGU
11459,자카르타
11460,정석
11461,안다
11462,페이스
11463,김장
11464,전병성
11465,키
11466,웰빙
11467,광윤사
11468,열차
11469,내민
11470,아몬드
11471,이근
11472,니지
11473,II
11474,양송
11475,계층
11476,나이키
11477,구글 검색
11478,호르무즈 해협
11479,도나
11480,9000
11481,송서
11482,닥스
11483,진지
11484,샤이니
11485,미국 북부
11486,전선
11487,KIURI
11488,LS
11489,즐거운 인생
11490,SKC
11491,한밤
11492,투표소
11493,X5
11494,물새
11495,홍콩
11496,신라면
11497,자기
11498,선생님
11499,뺑뺑이
11500,막걸리
11501,에이치엘비
11502,식기
11503,김비
11504,뉴스터치
11505,밀면
11506,샌드박스
11507,수두
11508,부산대학교
11509,위만
11510,해러즈
11511,유근형
11512,영양실조
11513,자가면역질환
11514,코치
11515,승화
11516,방탄소년단
11517,편집
11518,차
11519,메모리즈
11520,서경
11521,빈혈
11522,어망
11523,8월 5일
11524,파나소닉
11525,CXO
11526,메이플
11527,악마
11528,사우디
11529,49
11530,전제
11531,CXL
11532,고지
11533,제윤경
11534,KESCO
11535,피치스
11536,LAR
11537,SK증권
11538,사적
11539,감수
11540,이자
11541,아날로그
11542,이인
11543,제록스
11544,농가
11545,그래미
11546,안드로이드
11547,이달
11548,MSP
11549,밥
11550,강의
11551,모트
11552,은성수
11553,웹캠
11554,인터페이스
11555,법무부
11556,KST
11557,2016년
11558,리뷰
11559,조정은
11560,안랩
11561,동문
11562,꿈
11563,영광
11564,산불
11565,TIP
11566,휴전
11567,적성
11568,OR
11569,SBS
11570,타격
11571,남은
11572,오피스텔
11573,양기석
11574,그룹
11575,대포통장
11576,BNPL
11577,이승민
11578,냉각
11579,IF
11580,인구론
11581,자존심
11582,삼성 페이
11583,PD
11584,보잉
11585,킹스크로스
11586,정수
11587,전후
11588,7월 20일
11589,환갑
11590,변형
11591,리츠
11592,F&
11593,동요
11594,PICK
11595,문어
11596,증여세
11597,몬스터
11598,교육 프로그램
11599,웹사이트
11600,체급
11601,제롬
11602,산
11603,PCR
11604,반란
11605,페스트
11606,보름
11607,촉각
11608,외딴섬
11609,상상
11610,진 문제
11611,한복
11612,현덕
11613,손성
11614,리콜
11615,나고야
11616,오염
11617,탈세
11618,페트로
11619,천식
11620,TALK
11621,호수
11622,구례군
11623,커브
11624,명예
11625,황금주
11626,천강
11627,수심
11628,고비
11629,염색체
11630,니켈
11631,사보험
11632,제약산업
11633,쇼
11634,도곡동
11635,이기권
11636,메간 폭스
11637,병가
11638,김종현
11639,화수분
11640,창덕궁
11641,강타
11642,한장
11643,OEP
11644,감정
11645,자리 구
11646,KIC
11647,유학생
11648,해명
11649,공군
11650,NHH
11651,창원시
11652,SHUD
11653,KWH
11654,INI
11655,8월 1일
11656,천정
11657,조윤선
11658,SSM
11659,최철한
11660,이상준
11661,버지니아
11662,원가
11663,SRT
11664,유비
11665,정애연
11666,티케이
11667,EUV
11668,최형우
11669,부장
11670,COVER
11671,스파이
11672,상근
11673,발효유
11674,BD
11675,살롱
11676,4K 해상도
11677,증후군
11678,판도라TV
11679,김기섭
11680,31년
11681,닭갈비
11682,슈퍼스타
11683,유비쿼터스 도시
11684,바이브
11685,나노튜브
11686,메카
11687,버건디
11688,삼성중공업
11689,박민지
11690,안
11691,사이
11692,가뭄
11693,김
11694,CR
11695,장지원
11696,LG전자
11697,하정우
11698,트랙
11699,화나
11700,카카오프렌즈
11701,오명
11702,대산
11703,FE
11704,10년대
11705,이방인
11706,주사
11707,수험
11708,스노우
11709,하하
11710,제이
11711,착륙
11712,마트
11713,블랙 먼데이
11714,로드
11715,표준과학연
11716,마도
11717,지위
11718,무인
11719,지문 인식
11720,자선
11721,디지털화
11722,데이터 관리
11723,92
11724,이구
11725,과기
11726,구마모토
11727,AIR
11728,ABC
11729,괴물
11730,드라이브
11731,진다
11732,우버
11733,6월 18일
11734,아이티
11735,외대
11736,수비드
11737,난수
11738,HMX
11739,이북
11740,제스처
11741,공습
11742,김건
11743,DTS
11744,재규어
11745,독립
11746,루프트한자
11747,홍석우
11748,NCM
11749,주장
11750,최전선
11751,시흥
11752,아이코닉스
11753,리저
11754,셀프
11755,서브우퍼
11756,하이패스
11757,퍼시스
11758,뻐꾸기
11759,세리프
11760,브롤
11761,사자성
11762,경희
11763,어깨
11764,편향
11765,부도
11766,제트기
11767,냉매
11768,RISE
11769,RPA
11770,신진서
11771,김범석
11772,진대제
11773,지아
11774,진정
11775,인터내셔널
11776,SUHD
11777,수구
11778,영남대
11779,JAC
11780,ISSUE
11781,발레시어터
11782,삼바
11783,스페셜
11784,코닝
11785,새한그룹
11786,이상봉
11787,자치
11788,정상
11789,BYOD
11790,매치
11791,치명상
11792,허공
11793,공연
11794,한자
11795,아랍권
11796,스토어
11797,AIRS
11798,심원
11799,태영건설
11800,도마
11801,중소기업청
11802,지갑
11803,GTEP
11804,ITU
11805,특례법
11806,넥센
11807,꽃샘추위
11808,공개 API
11809,INFINO
11810,식혜
11811,뉴저지
11812,리니지2
11813,제국
11814,스타워즈
11815,간섭
11816,셰익스피어
11817,WTO
11818,소프트웨어 산업
11819,트리플 크라운
11820,BYC
11821,삼재
11822,원성진
11823,리에
11824,매크로
11825,헬로모바일
11826,모하메드
11827,옵션
11828,매트리스
11829,영민
11830,캐디
11831,UHD
11832,공간
11833,통독
11834,희비
11835,현대오토에버
11836,최성준
11837,탄성
11838,광대
11839,인간공학
11840,다양성
11841,한림대
11842,MSUNG
11843,지름길
11844,SMIC
11845,국방
11846,100
11847,BGM
11848,폴리우레탄
11849,다방
11850,4D
11851,YS
11852,시노
11853,NBC유니버설
11854,매우
11855,쿠쿠
11856,실사
11857,제일은행
11858,잠수
11859,NTIS
11860,비버
11861,마스
11862,CUBE
11863,민이
11864,출력
11865,아카데미상
11866,탱크
11867,게스트
11868,춘풍
11869,반경
11870,재즈
11871,나인
11872,간다
11873,잭팟
11874,체크
11875,사지
11876,FDD
11877,영업정지
11878,EUFS
11879,습도
11880,영양
11881,한전
11882,큐커
11883,방향키
11884,10월 14일
11885,롭
11886,헬릭스
11887,메아리
11888,모토로라 모빌리티
11889,삼성전자서비스
11890,부천
11891,워커힐
11892,서학
11893,김해림
11894,광분해
11895,방
11896,사랑방
11897,혈투
11898,비야
11899,이용환
11900,항염증제
11901,강원
11902,서재
11903,조에
11904,뮤직
11905,공부
11906,키친
11907,마력
11908,복마전
11909,디자이너
11910,앤빌
11911,정보 정책
11912,젠
11913,영화관
11914,시상
11915,재건축
11916,웹젠
11917,아시
11918,항체
11919,회계
11920,인포콘
11921,FCCL
11922,희화
11923,매혹
11924,바이오시밀러
11925,PRI
11926,BJ
11927,금호산업
11928,만병통치약
11929,월드컵
11930,변천사
11931,피로
11932,인피니티
11933,위시
11934,베니스
11935,가이
11936,공동체
11937,초본
11938,카라
11939,채찍
11940,보비니
11941,IMC
11942,관객
11943,로딩
11944,이익
11945,클래식
11946,제대혈
11947,박기용
11948,제비
11949,해자
11950,PASS
11951,최경섭
11952,필리핀
11953,6년
11954,CPFR
11955,역경
11956,독주
11957,포스코그룹
11958,조효제
11959,M2
11960,페인터
11961,도쿄
11962,경산
11963,유효수요
11964,이혼
11965,다이오드
11966,명 경제
11967,중흥
11968,고분자
11969,타자
11970,디데이
11971,조정남
11972,한게임
11973,케이프
11974,제트
11975,덤핑
11976,마케팅
11977,8000
11978,브랜드
11979,쿤
11980,SK브로드밴드
11981,DERMOCOSMETIC
11982,청년
11983,면허
11984,허리
11985,3GPP
11986,KTR
11987,퓨얼
11988,두바이
11989,블룸버그
11990,CONSUMER
11991,진교
11992,이병
11993,계가
11994,현대해상
11995,김민영
11996,서기장
11997,입법
11998,족보
11999,손정민
12000,바벨탑
12001,누룩
12002,스포티파이
12003,대군
12004,시안
12005,스킨
12006,2015
12007,한국공학한림원
12008,노르웨이
12009,풀무원
12010,비철금속
12011,구역
12012,세이프
12013,동국
12014,대전략
12015,양사
12016,상법
12017,콜라
12018,기아대책
12019,약자
12020,X86
12021,토즈
12022,하성민
12023,한미약품
12024,해프닝
12025,자전거 대여
12026,헌팅
12027,정보전
12028,위원회
12029,박지만
12030,치성
12031,아이유
12032,KBCSD
12033,두바이유
12034,하이라이트
12035,생체모방
12036,그래픽
12037,어비스
12038,코비
12039,플로
12040,징벌
12041,김용환
12042,외국
12043,S&TC
12044,SMARTPHONE
12045,원더풀
12046,IVIG
12047,패치
12048,OUII
12049,진화
12050,강보
12051,사이버 범죄
12052,초월
12053,앤
12054,15년
12055,부작용
12056,김상곤
12057,류현진
12058,거인
12059,발전
12060,반환
12061,HDTV
12062,루드
12063,쇼트
12064,기미
12065,유아독존
12066,고려
12067,게이트
12068,소수의견
12069,달력
12070,김일성
12071,이식
12072,UCC
12073,오디오
12074,신입생
12075,주형환
12076,해커톤
12077,행정명령
12078,손익
12079,약탈
12080,대화
12081,상여
12082,시즈
12083,현대백화점
12084,14
12085,이준행
12086,어게인
12087,인체
12088,빛나
12089,용해
12090,주선
12091,아주대
12092,전북
12093,전사
12094,조서
12095,재채기
12096,레이스
12097,기초과학
12098,GAN
12099,스프레이
12100,우시
12101,최양희
12102,DNA
12103,과거
12104,핫라인
12105,KITRI
12106,보건소
12107,실용신안
12108,자궁내막증
12109,5월
12110,솔리드
12111,대위
12112,베어링
12113,대우그룹
12114,SGN
12115,선구자
12116,파루
12117,성신여대
12118,신풍
12119,부서
12120,급식
12121,AEC
12122,GS글로벌
12123,스테이지
12124,진보
12125,미국
12126,정당
12127,권형
12128,승자의 저주
12129,호
12130,교통카드
12131,분리수거
12132,여성혐오
12133,각광
12134,무선 통신
12135,혁명
12136,철옹성
12137,현대중공업
12138,국내파
12139,SSPL
12140,우간다
12141,충전기
12142,수질
12143,포함
12144,가요
12145,KEDI
12146,공인인증서
12147,소총
12148,프랑크푸르트
12149,체리
12150,여객기
12151,트리플
12152,표준화
12153,심정
12154,국제
12155,타나
12156,위성방송
12157,운동장
12158,아이오
12159,이동
12160,CBA
12161,도돌이표
12162,시나
12163,재화
12164,토머스
12165,목이
12166,교총
12167,입소문 마케팅
12168,콤비네이션
12169,의자
12170,한영
12171,동산
12172,SAAS
12173,현대생명
12174,수신
12175,로드맵
12176,순도
12177,YIP
12178,역설
12179,폐인
12180,줄기세포
12181,금융공학
12182,진성여자고등학교
12183,이수민
12184,태블릿
12185,국부론
12186,FOMC
12187,퍼펙트
12188,64
12189,대박
12190,리아노
12191,SOX
12192,인형
12193,2017
12194,게임스컴
12195,조사
12196,우주비행사
12197,옥
12198,이한구
12199,실책
12200,BT
12201,싱
12202,반
12203,여왕
12204,VDE
12205,리턴
12206,진루
12207,조 양자
12208,플래시
12209,폴리프로필렌
12210,소년
12211,이카
12212,뷔페
12213,하나은행
12214,카본
12215,신한금융그룹
12216,비틀
12217,업링크
12218,EU
12219,스캔들
12220,EDWO
12221,12월 18일
12222,말라가
12223,내부자들
12224,모나미
12225,질문
12226,유공
12227,잠식
12228,김상철
12229,계산기
12230,집성촌
12231,네이버 뉴스
12232,엘라
12233,약과
12234,비욘드
12235,샹파뉴
12236,컨버터블
12237,아이팟
12238,최정화
12239,이지스
12240,서서
12241,NHK
12242,쇠고기
12243,앵거스 디턴
12244,린카
12245,대체기술
12246,나들가게
12247,어간
12248,180
12249,스마트미디어
12250,아틱
12251,아사
12252,원자
12253,사회적 책임
12254,블랙홀
12255,엘리트
12256,CBT
12257,척수
12258,UNGC
12259,사카린
12260,이슬람
12261,BOE
12262,정현
12263,인트론
12264,소동
12265,토막
12266,딜로이트
12267,SWAT
12268,수원
12269,도미노피자
12270,시베리아
12271,EG
12272,총사
12273,이완
12274,SATA
12275,모드
12276,노시보
12277,텅스텐
12278,밀라
12279,시럽
12280,무실점
12281,안테나
12282,음원
12283,지구의 날
12284,무림
12285,오디세이
12286,예방
12287,미분
12288,맨홀
12289,소프트 파워
12290,인천국제공항
12291,폴스
12292,거위
12293,마나
12294,헬라
12295,부사
12296,슈프리마
12297,소개팅
12298,팽
12299,메타트론
12300,ESS
12301,헝가리
12302,NH농협카드
12303,수
12304,이종섭
12305,김종한
12306,타이밍
12307,왜
12308,NXP
12309,특파원
12310,MICROSD
12311,백화점
12312,이거
12313,이건
12314,존슨앤드존슨
12315,갈등
12316,버스
12317,시그널
12318,황인준
12319,청호나이스
12320,7월 13일
12321,상식
12322,그리스도
12323,사진집
12324,주목
12325,하도급
12326,구찌
12327,UAE
12328,토트넘
12329,박찬구
12330,광장
12331,장혁
12332,플렉서블
12333,식기세척기
12334,유지영
12335,부가가치
12336,빕스
12337,다문화가정
12338,건국대학교
12339,벨소리
12340,정기예금
12341,포
12342,김기영
12343,SHC
12344,가죽
12345,화순군
12346,내 마음을 뺏어봐
12347,리스트
12348,진공
12349,세그먼트
12350,임대차
12351,주류
12352,고체
12353,베테랑
12354,선플라
12355,사광
12356,듀오
12357,손현주
12358,RICHES
12359,유인나
12360,쉬사오스
12361,학자금 대출
12362,강성주
12363,김수남
12364,골프장
12365,CVCE
12366,필립스
12367,신한은행 프로리그
12368,화이자
12369,조언
12370,앵그리버드
12371,가파도
12372,장식
12373,30
12374,유의
12375,송곳
12376,지원동
12377,페스티벌
12378,도급
12379,촌철살인
12380,자전거
12381,헤럴드
12382,수협중앙회
12383,적분
12384,응급
12385,네트워크
12386,장위
12387,이석
12388,롯데닷컴
12389,LFD
12390,기술자
12391,개종
12392,다음
12393,윤순
12394,네마
12395,상자
12396,메인
12397,담합
12398,부족
12399,숭의
12400,루키
12401,전도
12402,코난테크놀로지
12403,세미
12404,안경
12405,프리미어
